<?xml version='1.0' encoding='utf-8'?>
<!DOCTYPE hibernate-configuration PUBLIC
        "-//Hibernate/Hibernate Configuration DTD 3.0//EN"
        "http://www.hibernate.org/dtd/hibernate-configuration-3.0.dtd">
          
<hibernate-configuration>  
    <session-factory>  
        <property name="connection.driver_class">com.mysql.jdbc.Driver</property>  
        <property name="connection.username">root</property>  
        <property name="connection.password">root</property>  
        <property name="connection.url">jdbc:mysql://localhost:3306/lush</property>  
        <property name="dialect">org.hibernate.dialect.MySQLDialect</property>  
        <property name="show_sql">true</property>   
        <property name="connection.pool_size">1</property>  
          
         <property name="hbm2ddl.auto">create</property>
  <!--      <mapping class="db.Product"/>
   -->
       <mapping resource="product.hbm.xml"></mapping>  
 
  
    </session-factory>  
</hibernate-configuration>  